{
  "hill": "Rasnov K-35 HS38",
  "jumper": "Aleksander ZNISZCZOŁ",
  "results": {
    "0": {
      "mean": 41.60376041132246,
      "stdev": 1.9992476464943743,
      "min": 36.58427192270801,
      "max": 44.124011734459685
    },
    "25": {
      "mean": 40.56676111747049,
      "stdev": 2.2779368765437122,
      "min": 36.58427192270801,
      "max": 44.12495354569501
    },
    "50": {
      "mean": 41.563753854655,
      "stdev": 1.9695684399527722,
      "min": 36.58598951909999,
      "max": 44.12408739327858
    },
    "75": {
      "mean": 42.03024751571752,
      "stdev": 1.5980724342452979,
      "min": 37.35890286041787,
      "max": 44.12464615945927
    },
    "100": {
      "mean": 43.38540359015601,
      "stdev": 0.6337403498768709,
      "min": 41.224734169874075,
      "max": 44.12491568953924
    }
  }
}